<?xml version="1.0" ?>
<assessmentTest xmlns="http://www.imsglobal.org/xsd/imsqti_v2p1" xmlns:xsi="http://www.w3.org/2001/XMLSchema-instance" xsi:schemaLocation="http://www.imsglobal.org/xsd/imsqti_v2p1 http://www.imsglobal.org/xsd/qti/qtiv2p1/imsqti_v2p1.xsd" identifier="assessment_f96dcb2c" title="Assessment">
  <timeLimits maxTime="3600"/>
  <testPart identifier="testpart1" navigationMode="linear" submissionMode="individual">
    <assessmentSection identifier="section1" title="Questions" visible="true">
      <assessmentItemRef identifier="q_1" href="q_1.xml"/>
      <assessmentItemRef identifier="q_2" href="q_2.xml"/>
      <assessmentItemRef identifier="q_3" href="q_3.xml"/>
      <assessmentItemRef identifier="q_4" href="q_4.xml"/>
      <assessmentItemRef identifier="q_5" href="q_5.xml"/>
      <assessmentItemRef identifier="q_6" href="q_6.xml"/>
      <assessmentItemRef identifier="q_7" href="q_7.xml"/>
      <assessmentItemRef identifier="q_8" href="q_8.xml"/>
      <assessmentItemRef identifier="q_9" href="q_9.xml"/>
      <assessmentItemRef identifier="q_10" href="q_10.xml"/>
      <assessmentItemRef identifier="q_11" href="q_11.xml"/>
      <assessmentItemRef identifier="q_12" href="q_12.xml"/>
      <assessmentItemRef identifier="q_13" href="q_13.xml"/>
      <assessmentItemRef identifier="q_14" href="q_14.xml"/>
      <assessmentItemRef identifier="q_15" href="q_15.xml"/>
      <assessmentItemRef identifier="q_16" href="q_16.xml"/>
      <assessmentItemRef identifier="q_17" href="q_17.xml"/>
      <assessmentItemRef identifier="q_18" href="q_18.xml"/>
      <assessmentItemRef identifier="q_19" href="q_19.xml"/>
      <assessmentItemRef identifier="q_20" href="q_20.xml"/>
      <assessmentItemRef identifier="q_21" href="q_21.xml"/>
      <assessmentItemRef identifier="q_22" href="q_22.xml"/>
      <assessmentItemRef identifier="q_23" href="q_23.xml"/>
      <assessmentItemRef identifier="q_24" href="q_24.xml"/>
      <assessmentItemRef identifier="q_25" href="q_25.xml"/>
    </assessmentSection>
  </testPart>
  <assessmentItem xmlns="http://www.imsglobal.org/xsd/imsqti_v2p1" identifier="q_1" title="Question q_1" adaptive="false" timeDependent="false">
    <responseDeclaration identifier="RESPONSE" cardinality="single" baseType="identifier">
      <correctResponse>
        <value>B</value>
      </correctResponse>
    </responseDeclaration>
    <outcomeDeclaration identifier="SCORE" cardinality="single" baseType="float">
      <defaultValue>
        <value>0</value>
      </defaultValue>
    </outcomeDeclaration>
    <itemBody>
      <div class="question-text">
        <p>What is the primary goal of Principal Component Analysis (PCA)?</p>
      </div>
      <choiceInteraction responseIdentifier="RESPONSE" shuffle="false" maxChoices="1">
        <simpleChoice identifier="A">To test specific theoretical models</simpleChoice>
        <simpleChoice identifier="B">To reduce dimensionality while preserving maximum variance</simpleChoice>
        <simpleChoice identifier="C">To identify latent factors underlying observed variables</simpleChoice>
        <simpleChoice identifier="D">To separate common variance from unique variance</simpleChoice>
      </choiceInteraction>
    </itemBody>
    <responseProcessing template="http://www.imsglobal.org/question/qti_v2p1/rptemplates/match_correct"/>
  </assessmentItem>
  <assessmentItem xmlns="http://www.imsglobal.org/xsd/imsqti_v2p1" identifier="q_2" title="Question q_2" adaptive="false" timeDependent="false">
    <responseDeclaration identifier="RESPONSE" cardinality="single" baseType="identifier">
      <correctResponse>
        <value>B</value>
      </correctResponse>
    </responseDeclaration>
    <outcomeDeclaration identifier="SCORE" cardinality="single" baseType="float">
      <defaultValue>
        <value>0</value>
      </defaultValue>
    </outcomeDeclaration>
    <itemBody>
      <div class="question-text">
        <p>In the Factor Analysis model, what does the communality (h²) represent?</p>
      </div>
      <choiceInteraction responseIdentifier="RESPONSE" shuffle="false" maxChoices="1">
        <simpleChoice identifier="A">The total variance of a variable</simpleChoice>
        <simpleChoice identifier="B">The proportion of variance explained by common factors</simpleChoice>
        <simpleChoice identifier="C">The measurement error in a variable</simpleChoice>
        <simpleChoice identifier="D">The correlation between factors</simpleChoice>
      </choiceInteraction>
    </itemBody>
    <responseProcessing template="http://www.imsglobal.org/question/qti_v2p1/rptemplates/match_correct"/>
  </assessmentItem>
  <assessmentItem xmlns="http://www.imsglobal.org/xsd/imsqti_v2p1" identifier="q_3" title="Question q_3" adaptive="false" timeDependent="false">
    <responseDeclaration identifier="RESPONSE" cardinality="single" baseType="identifier">
      <correctResponse>
        <value>C</value>
      </correctResponse>
    </responseDeclaration>
    <outcomeDeclaration identifier="SCORE" cardinality="single" baseType="float">
      <defaultValue>
        <value>0</value>
      </defaultValue>
    </outcomeDeclaration>
    <itemBody>
      <div class="question-text">
        <p>Which rotation method should you choose when factors are expected to be correlated?</p>
      </div>
      <choiceInteraction responseIdentifier="RESPONSE" shuffle="false" maxChoices="1">
        <simpleChoice identifier="A">Varimax</simpleChoice>
        <simpleChoice identifier="B">Quartimax</simpleChoice>
        <simpleChoice identifier="C">Promax</simpleChoice>
        <simpleChoice identifier="D">Equamax</simpleChoice>
      </choiceInteraction>
    </itemBody>
    <responseProcessing template="http://www.imsglobal.org/question/qti_v2p1/rptemplates/match_correct"/>
  </assessmentItem>
  <assessmentItem xmlns="http://www.imsglobal.org/xsd/imsqti_v2p1" identifier="q_4" title="Question q_4" adaptive="false" timeDependent="false">
    <responseDeclaration identifier="RESPONSE" cardinality="single" baseType="identifier">
      <correctResponse>
        <value>C</value>
      </correctResponse>
    </responseDeclaration>
    <outcomeDeclaration identifier="SCORE" cardinality="single" baseType="float">
      <defaultValue>
        <value>0</value>
      </defaultValue>
    </outcomeDeclaration>
    <itemBody>
      <div class="question-text">
        <p>What is the minimum recommended sample size for stable Factor Analysis results?</p>
      </div>
      <choiceInteraction responseIdentifier="RESPONSE" shuffle="false" maxChoices="1">
        <simpleChoice identifier="A">50 observations</simpleChoice>
        <simpleChoice identifier="B">100 observations</simpleChoice>
        <simpleChoice identifier="C">200 observations</simpleChoice>
        <simpleChoice identifier="D">500 observations</simpleChoice>
      </choiceInteraction>
    </itemBody>
    <responseProcessing template="http://www.imsglobal.org/question/qti_v2p1/rptemplates/match_correct"/>
  </assessmentItem>
  <assessmentItem xmlns="http://www.imsglobal.org/xsd/imsqti_v2p1" identifier="q_5" title="Question q_5" adaptive="false" timeDependent="false">
    <responseDeclaration identifier="RESPONSE" cardinality="single" baseType="identifier">
      <correctResponse>
        <value>C</value>
      </correctResponse>
    </responseDeclaration>
    <outcomeDeclaration identifier="SCORE" cardinality="single" baseType="float">
      <defaultValue>
        <value>0</value>
      </defaultValue>
    </outcomeDeclaration>
    <itemBody>
      <div class="question-text">
        <p>A KMO (Kaiser-Meyer-Olkin) value of 0.85 indicates:</p>
      </div>
      <choiceInteraction responseIdentifier="RESPONSE" shuffle="false" maxChoices="1">
        <simpleChoice identifier="A">Poor factorability</simpleChoice>
        <simpleChoice identifier="B">Marginal factorability</simpleChoice>
        <simpleChoice identifier="C">Good factorability</simpleChoice>
        <simpleChoice identifier="D">Excellent factorability</simpleChoice>
      </choiceInteraction>
    </itemBody>
    <responseProcessing template="http://www.imsglobal.org/question/qti_v2p1/rptemplates/match_correct"/>
  </assessmentItem>
  <assessmentItem xmlns="http://www.imsglobal.org/xsd/imsqti_v2p1" identifier="q_6" title="Question q_6" adaptive="false" timeDependent="false">
    <responseDeclaration identifier="RESPONSE" cardinality="single" baseType="identifier">
      <correctResponse>
        <value>B</value>
      </correctResponse>
    </responseDeclaration>
    <outcomeDeclaration identifier="SCORE" cardinality="single" baseType="float">
      <defaultValue>
        <value>0</value>
      </defaultValue>
    </outcomeDeclaration>
    <itemBody>
      <div class="question-text">
        <p>What does Bartlett's Test of Sphericity examine?</p>
      </div>
      <choiceInteraction responseIdentifier="RESPONSE" shuffle="false" maxChoices="1">
        <simpleChoice identifier="A">Whether variables are normally distributed</simpleChoice>
        <simpleChoice identifier="B">Whether the correlation matrix is an identity matrix</simpleChoice>
        <simpleChoice identifier="C">Whether factors are orthogonal</simpleChoice>
        <simpleChoice identifier="D">Whether sample size is adequate</simpleChoice>
      </choiceInteraction>
    </itemBody>
    <responseProcessing template="http://www.imsglobal.org/question/qti_v2p1/rptemplates/match_correct"/>
  </assessmentItem>
  <assessmentItem xmlns="http://www.imsglobal.org/xsd/imsqti_v2p1" identifier="q_7" title="Question q_7" adaptive="false" timeDependent="false">
    <responseDeclaration identifier="RESPONSE" cardinality="single" baseType="identifier">
      <correctResponse>
        <value>B</value>
      </correctResponse>
    </responseDeclaration>
    <outcomeDeclaration identifier="SCORE" cardinality="single" baseType="float">
      <defaultValue>
        <value>0</value>
      </defaultValue>
    </outcomeDeclaration>
    <itemBody>
      <div class="question-text">
        <p>In PCA, what property do principal components have with respect to each other?</p>
      </div>
      <choiceInteraction responseIdentifier="RESPONSE" shuffle="false" maxChoices="1">
        <simpleChoice identifier="A">They are perfectly correlated</simpleChoice>
        <simpleChoice identifier="B">They are orthogonal (uncorrelated)</simpleChoice>
        <simpleChoice identifier="C">They have equal variance</simpleChoice>
        <simpleChoice identifier="D">They have the same loadings</simpleChoice>
      </choiceInteraction>
    </itemBody>
    <responseProcessing template="http://www.imsglobal.org/question/qti_v2p1/rptemplates/match_correct"/>
  </assessmentItem>
  <assessmentItem xmlns="http://www.imsglobal.org/xsd/imsqti_v2p1" identifier="q_8" title="Question q_8" adaptive="false" timeDependent="false">
    <responseDeclaration identifier="RESPONSE" cardinality="single" baseType="identifier">
      <correctResponse>
        <value>D</value>
      </correctResponse>
    </responseDeclaration>
    <outcomeDeclaration identifier="SCORE" cardinality="single" baseType="float">
      <defaultValue>
        <value>0</value>
      </defaultValue>
    </outcomeDeclaration>
    <itemBody>
      <div class="question-text">
        <p>A factor loading of 0.75 for a variable on a factor indicates:</p>
      </div>
      <choiceInteraction responseIdentifier="RESPONSE" shuffle="false" maxChoices="1">
        <simpleChoice identifier="A">Poor indicator of the factor</simpleChoice>
        <simpleChoice identifier="B">Fair indicator of the factor</simpleChoice>
        <simpleChoice identifier="C">Good indicator of the factor</simpleChoice>
        <simpleChoice identifier="D">Excellent indicator of the factor</simpleChoice>
      </choiceInteraction>
    </itemBody>
    <responseProcessing template="http://www.imsglobal.org/question/qti_v2p1/rptemplates/match_correct"/>
  </assessmentItem>
  <assessmentItem xmlns="http://www.imsglobal.org/xsd/imsqti_v2p1" identifier="q_9" title="Question q_9" adaptive="false" timeDependent="false">
    <responseDeclaration identifier="RESPONSE" cardinality="single" baseType="identifier">
      <correctResponse>
        <value>B</value>
      </correctResponse>
    </responseDeclaration>
    <outcomeDeclaration identifier="SCORE" cardinality="single" baseType="float">
      <defaultValue>
        <value>0</value>
      </defaultValue>
    </outcomeDeclaration>
    <itemBody>
      <div class="question-text">
        <p>What is the key difference between Principal Axis Factoring (PAF) and Maximum Likelihood (ML) extraction?</p>
      </div>
      <choiceInteraction responseIdentifier="RESPONSE" shuffle="false" maxChoices="1">
        <simpleChoice identifier="A">PAF assumes multivariate normality, ML does not</simpleChoice>
        <simpleChoice identifier="B">ML provides statistical tests, PAF does not</simpleChoice>
        <simpleChoice identifier="C">PAF is computationally more intensive than ML</simpleChoice>
        <simpleChoice identifier="D">ML uses correlation matrix, PAF uses covariance matrix</simpleChoice>
      </choiceInteraction>
    </itemBody>
    <responseProcessing template="http://www.imsglobal.org/question/qti_v2p1/rptemplates/match_correct"/>
  </assessmentItem>
  <assessmentItem xmlns="http://www.imsglobal.org/xsd/imsqti_v2p1" identifier="q_10" title="Question q_10" adaptive="false" timeDependent="false">
    <responseDeclaration identifier="RESPONSE" cardinality="single" baseType="identifier">
      <correctResponse>
        <value>B</value>
      </correctResponse>
    </responseDeclaration>
    <outcomeDeclaration identifier="SCORE" cardinality="single" baseType="float">
      <defaultValue>
        <value>0</value>
      </defaultValue>
    </outcomeDeclaration>
    <itemBody>
      <div class="question-text">
        <p>According to the Kaiser criterion, which factors should be retained?</p>
      </div>
      <choiceInteraction responseIdentifier="RESPONSE" shuffle="false" maxChoices="1">
        <simpleChoice identifier="A">Factors with eigenvalues greater than 0.5</simpleChoice>
        <simpleChoice identifier="B">Factors with eigenvalues greater than 1.0</simpleChoice>
        <simpleChoice identifier="C">Factors explaining at least 10% of variance</simpleChoice>
        <simpleChoice identifier="D">The first three factors regardless of eigenvalues</simpleChoice>
      </choiceInteraction>
    </itemBody>
    <responseProcessing template="http://www.imsglobal.org/question/qti_v2p1/rptemplates/match_correct"/>
  </assessmentItem>
  <assessmentItem xmlns="http://www.imsglobal.org/xsd/imsqti_v2p1" identifier="q_11" title="Question q_11" adaptive="false" timeDependent="false">
    <responseDeclaration identifier="RESPONSE" cardinality="single" baseType="identifier">
      <correctResponse>
        <value>C</value>
      </correctResponse>
    </responseDeclaration>
    <outcomeDeclaration identifier="SCORE" cardinality="single" baseType="float">
      <defaultValue>
        <value>0</value>
      </defaultValue>
    </outcomeDeclaration>
    <itemBody>
      <div class="question-text">
        <p>What does a low communality (h² &lt; 0.40) for a variable suggest?</p>
      </div>
      <choiceInteraction responseIdentifier="RESPONSE" shuffle="false" maxChoices="1">
        <simpleChoice identifier="A">The variable is well explained by the factors</simpleChoice>
        <simpleChoice identifier="B">The variable should be the primary factor interpreter</simpleChoice>
        <simpleChoice identifier="C">The variable is poorly explained by the common factors</simpleChoice>
        <simpleChoice identifier="D">The variable has high reliability</simpleChoice>
      </choiceInteraction>
    </itemBody>
    <responseProcessing template="http://www.imsglobal.org/question/qti_v2p1/rptemplates/match_correct"/>
  </assessmentItem>
  <assessmentItem xmlns="http://www.imsglobal.org/xsd/imsqti_v2p1" identifier="q_12" title="Question q_12" adaptive="false" timeDependent="false">
    <responseDeclaration identifier="RESPONSE" cardinality="single" baseType="identifier">
      <correctResponse>
        <value>C</value>
      </correctResponse>
    </responseDeclaration>
    <outcomeDeclaration identifier="SCORE" cardinality="single" baseType="float">
      <defaultValue>
        <value>0</value>
      </defaultValue>
    </outcomeDeclaration>
    <itemBody>
      <div class="question-text">
        <p>In Factor Analysis, what is unique variance composed of?</p>
      </div>
      <choiceInteraction responseIdentifier="RESPONSE" shuffle="false" maxChoices="1">
        <simpleChoice identifier="A">Only measurement error</simpleChoice>
        <simpleChoice identifier="B">Only specific variance unique to the variable</simpleChoice>
        <simpleChoice identifier="C">Both specific variance and measurement error</simpleChoice>
        <simpleChoice identifier="D">Only common variance</simpleChoice>
      </choiceInteraction>
    </itemBody>
    <responseProcessing template="http://www.imsglobal.org/question/qti_v2p1/rptemplates/match_correct"/>
  </assessmentItem>
  <assessmentItem xmlns="http://www.imsglobal.org/xsd/imsqti_v2p1" identifier="q_13" title="Question q_13" adaptive="false" timeDependent="false">
    <responseDeclaration identifier="RESPONSE" cardinality="single" baseType="identifier">
      <correctResponse>
        <value>B</value>
      </correctResponse>
    </responseDeclaration>
    <outcomeDeclaration identifier="SCORE" cardinality="single" baseType="float">
      <defaultValue>
        <value>0</value>
      </defaultValue>
    </outcomeDeclaration>
    <itemBody>
      <div class="question-text">
        <p>What is the main advantage of oblique rotation over orthogonal rotation?</p>
      </div>
      <choiceInteraction responseIdentifier="RESPONSE" shuffle="false" maxChoices="1">
        <simpleChoice identifier="A">It is computationally simpler</simpleChoice>
        <simpleChoice identifier="B">It allows factors to be correlated when theoretically appropriate</simpleChoice>
        <simpleChoice identifier="C">It always provides better factor loadings</simpleChoice>
        <simpleChoice identifier="D">It is required for Principal Component Analysis</simpleChoice>
      </choiceInteraction>
    </itemBody>
    <responseProcessing template="http://www.imsglobal.org/question/qti_v2p1/rptemplates/match_correct"/>
  </assessmentItem>
  <assessmentItem xmlns="http://www.imsglobal.org/xsd/imsqti_v2p1" identifier="q_14" title="Question q_14" adaptive="false" timeDependent="false">
    <responseDeclaration identifier="RESPONSE" cardinality="single" baseType="identifier">
      <correctResponse>
        <value>B</value>
      </correctResponse>
    </responseDeclaration>
    <outcomeDeclaration identifier="SCORE" cardinality="single" baseType="float">
      <defaultValue>
        <value>0</value>
      </defaultValue>
    </outcomeDeclaration>
    <itemBody>
      <div class="question-text">
        <p>Parallel analysis helps determine the number of factors by:</p>
      </div>
      <choiceInteraction responseIdentifier="RESPONSE" shuffle="false" maxChoices="1">
        <simpleChoice identifier="A">Plotting eigenvalues against factor numbers</simpleChoice>
        <simpleChoice identifier="B">Comparing actual eigenvalues to those from random data</simpleChoice>
        <simpleChoice identifier="C">Using the Kaiser criterion automatically</simpleChoice>
        <simpleChoice identifier="D">Testing for statistical significance</simpleChoice>
      </choiceInteraction>
    </itemBody>
    <responseProcessing template="http://www.imsglobal.org/question/qti_v2p1/rptemplates/match_correct"/>
  </assessmentItem>
  <assessmentItem xmlns="http://www.imsglobal.org/xsd/imsqti_v2p1" identifier="q_15" title="Question q_15" adaptive="false" timeDependent="false">
    <responseDeclaration identifier="RESPONSE" cardinality="single" baseType="identifier">
      <correctResponse>
        <value>B</value>
      </correctResponse>
    </responseDeclaration>
    <outcomeDeclaration identifier="SCORE" cardinality="single" baseType="float">
      <defaultValue>
        <value>0</value>
      </defaultValue>
    </outcomeDeclaration>
    <itemBody>
      <div class="question-text">
        <p>A cross-loading greater than 0.40 typically indicates:</p>
      </div>
      <choiceInteraction responseIdentifier="RESPONSE" shuffle="false" maxChoices="1">
        <simpleChoice identifier="A">An excellent factor solution</simpleChoice>
        <simpleChoice identifier="B">A potential problem with the factor structure</simpleChoice>
        <simpleChoice identifier="C">High communality for the variable</simpleChoice>
        <simpleChoice identifier="D">Perfect simple structure</simpleChoice>
      </choiceInteraction>
    </itemBody>
    <responseProcessing template="http://www.imsglobal.org/question/qti_v2p1/rptemplates/match_correct"/>
  </assessmentItem>
  <assessmentItem xmlns="http://www.imsglobal.org/xsd/imsqti_v2p1" identifier="q_16" title="Question q_16" adaptive="false" timeDependent="false">
    <responseDeclaration identifier="RESPONSE" cardinality="single" baseType="identifier">
      <correctResponse>
        <value>A</value>
      </correctResponse>
    </responseDeclaration>
    <outcomeDeclaration identifier="SCORE" cardinality="single" baseType="float">
      <defaultValue>
        <value>0</value>
      </defaultValue>
    </outcomeDeclaration>
    <itemBody>
      <div class="question-text">
        <p>What is the fundamental equation for the correlation structure in Factor Analysis?</p>
      </div>
      <choiceInteraction responseIdentifier="RESPONSE" shuffle="false" maxChoices="1">
        <simpleChoice identifier="A">R = ΛΛ' + Ψ</simpleChoice>
        <simpleChoice identifier="B">R = ΛΛ' - Ψ</simpleChoice>
        <simpleChoice identifier="C">R = Λ + Ψ</simpleChoice>
        <simpleChoice identifier="D">R = ΛΨΛ'</simpleChoice>
      </choiceInteraction>
    </itemBody>
    <responseProcessing template="http://www.imsglobal.org/question/qti_v2p1/rptemplates/match_correct"/>
  </assessmentItem>
  <assessmentItem xmlns="http://www.imsglobal.org/xsd/imsqti_v2p1" identifier="q_17" title="Question q_17" adaptive="false" timeDependent="false">
    <responseDeclaration identifier="RESPONSE" cardinality="single" baseType="identifier">
      <correctResponse>
        <value>B</value>
      </correctResponse>
    </responseDeclaration>
    <outcomeDeclaration identifier="SCORE" cardinality="single" baseType="float">
      <defaultValue>
        <value>0</value>
      </defaultValue>
    </outcomeDeclaration>
    <itemBody>
      <div class="question-text">
        <p>When would you choose to use the correlation matrix instead of the covariance matrix in PCA?</p>
      </div>
      <choiceInteraction responseIdentifier="RESPONSE" shuffle="false" maxChoices="1">
        <simpleChoice identifier="A">When all variables are on the same scale</simpleChoice>
        <simpleChoice identifier="B">When variables are measured on different scales</simpleChoice>
        <simpleChoice identifier="C">When sample size is small</simpleChoice>
        <simpleChoice identifier="D">When factors are expected to be correlated</simpleChoice>
      </choiceInteraction>
    </itemBody>
    <responseProcessing template="http://www.imsglobal.org/question/qti_v2p1/rptemplates/match_correct"/>
  </assessmentItem>
  <assessmentItem xmlns="http://www.imsglobal.org/xsd/imsqti_v2p1" identifier="q_18" title="Question q_18" adaptive="false" timeDependent="false">
    <responseDeclaration identifier="RESPONSE" cardinality="single" baseType="identifier">
      <correctResponse>
        <value>B</value>
      </correctResponse>
    </responseDeclaration>
    <outcomeDeclaration identifier="SCORE" cardinality="single" baseType="float">
      <defaultValue>
        <value>0</value>
      </defaultValue>
    </outcomeDeclaration>
    <itemBody>
      <div class="question-text">
        <p>In the context of Factor Analysis, what does &quot;simple structure&quot; refer to?</p>
      </div>
      <choiceInteraction responseIdentifier="RESPONSE" shuffle="false" maxChoices="1">
        <simpleChoice identifier="A">Using only one factor</simpleChoice>
        <simpleChoice identifier="B">Each variable loading highly on few factors</simpleChoice>
        <simpleChoice identifier="C">All variables having equal loadings</simpleChoice>
        <simpleChoice identifier="D">Factors being perfectly uncorrelated</simpleChoice>
      </choiceInteraction>
    </itemBody>
    <responseProcessing template="http://www.imsglobal.org/question/qti_v2p1/rptemplates/match_correct"/>
  </assessmentItem>
  <assessmentItem xmlns="http://www.imsglobal.org/xsd/imsqti_v2p1" identifier="q_19" title="Question q_19" adaptive="false" timeDependent="false">
    <responseDeclaration identifier="RESPONSE" cardinality="single" baseType="identifier">
      <correctResponse>
        <value>B</value>
      </correctResponse>
    </responseDeclaration>
    <outcomeDeclaration identifier="SCORE" cardinality="single" baseType="float">
      <defaultValue>
        <value>0</value>
      </defaultValue>
    </outcomeDeclaration>
    <itemBody>
      <div class="question-text">
        <p>What is the primary purpose of factor rotation?</p>
      </div>
      <choiceInteraction responseIdentifier="RESPONSE" shuffle="false" maxChoices="1">
        <simpleChoice identifier="A">To increase the total variance explained</simpleChoice>
        <simpleChoice identifier="B">To improve the interpretability of factors</simpleChoice>
        <simpleChoice identifier="C">To reduce the number of factors needed</simpleChoice>
        <simpleChoice identifier="D">To eliminate negative loadings</simpleChoice>
      </choiceInteraction>
    </itemBody>
    <responseProcessing template="http://www.imsglobal.org/question/qti_v2p1/rptemplates/match_correct"/>
  </assessmentItem>
  <assessmentItem xmlns="http://www.imsglobal.org/xsd/imsqti_v2p1" identifier="q_20" title="Question q_20" adaptive="false" timeDependent="false">
    <responseDeclaration identifier="RESPONSE" cardinality="single" baseType="identifier">
      <correctResponse>
        <value>C</value>
      </correctResponse>
    </responseDeclaration>
    <outcomeDeclaration identifier="SCORE" cardinality="single" baseType="float">
      <defaultValue>
        <value>0</value>
      </defaultValue>
    </outcomeDeclaration>
    <itemBody>
      <div class="question-text">
        <p>A scree plot is used to:</p>
      </div>
      <choiceInteraction responseIdentifier="RESPONSE" shuffle="false" maxChoices="1">
        <simpleChoice identifier="A">Test the normality of data</simpleChoice>
        <simpleChoice identifier="B">Visualize factor loadings</simpleChoice>
        <simpleChoice identifier="C">Determine the optimal number of factors</simpleChoice>
        <simpleChoice identifier="D">Check for outliers in the data</simpleChoice>
      </choiceInteraction>
    </itemBody>
    <responseProcessing template="http://www.imsglobal.org/question/qti_v2p1/rptemplates/match_correct"/>
  </assessmentItem>
  <assessmentItem xmlns="http://www.imsglobal.org/xsd/imsqti_v2p1" identifier="q_21" title="Question q_21" adaptive="false" timeDependent="false">
    <responseDeclaration identifier="RESPONSE" cardinality="single" baseType="identifier">
      <correctResponse>
        <value>D</value>
      </correctResponse>
    </responseDeclaration>
    <outcomeDeclaration identifier="SCORE" cardinality="single" baseType="float">
      <defaultValue>
        <value>0</value>
      </defaultValue>
    </outcomeDeclaration>
    <itemBody>
      <div class="question-text">
        <p>What assumption is violated if variables in your dataset have extremely high correlations (r &gt; 0.90)?</p>
      </div>
      <choiceInteraction responseIdentifier="RESPONSE" shuffle="false" maxChoices="1">
        <simpleChoice identifier="A">Linearity</simpleChoice>
        <simpleChoice identifier="B">Normality</simpleChoice>
        <simpleChoice identifier="C">Independence</simpleChoice>
        <simpleChoice identifier="D">Multicollinearity</simpleChoice>
      </choiceInteraction>
    </itemBody>
    <responseProcessing template="http://www.imsglobal.org/question/qti_v2p1/rptemplates/match_correct"/>
  </assessmentItem>
  <assessmentItem xmlns="http://www.imsglobal.org/xsd/imsqti_v2p1" identifier="q_22" title="Question q_22" adaptive="false" timeDependent="false">
    <responseDeclaration identifier="RESPONSE" cardinality="single" baseType="identifier">
      <correctResponse>
        <value>D</value>
      </correctResponse>
    </responseDeclaration>
    <outcomeDeclaration identifier="SCORE" cardinality="single" baseType="float">
      <defaultValue>
        <value>0</value>
      </defaultValue>
    </outcomeDeclaration>
    <itemBody>
      <div class="question-text">
        <p>In Confirmatory Factor Analysis (CFA), what does an RMSEA value less than 0.06 indicate?</p>
      </div>
      <choiceInteraction responseIdentifier="RESPONSE" shuffle="false" maxChoices="1">
        <simpleChoice identifier="A">Poor model fit</simpleChoice>
        <simpleChoice identifier="B">Acceptable model fit</simpleChoice>
        <simpleChoice identifier="C">Good model fit</simpleChoice>
        <simpleChoice identifier="D">Excellent model fit</simpleChoice>
      </choiceInteraction>
    </itemBody>
    <responseProcessing template="http://www.imsglobal.org/question/qti_v2p1/rptemplates/match_correct"/>
  </assessmentItem>
  <assessmentItem xmlns="http://www.imsglobal.org/xsd/imsqti_v2p1" identifier="q_23" title="Question q_23" adaptive="false" timeDependent="false">
    <responseDeclaration identifier="RESPONSE" cardinality="single" baseType="identifier">
      <correctResponse>
        <value>B</value>
      </correctResponse>
    </responseDeclaration>
    <outcomeDeclaration identifier="SCORE" cardinality="single" baseType="float">
      <defaultValue>
        <value>0</value>
      </defaultValue>
    </outcomeDeclaration>
    <itemBody>
      <div class="question-text">
        <p>What is the main difference between exploratory and confirmatory factor analysis?</p>
      </div>
      <choiceInteraction responseIdentifier="RESPONSE" shuffle="false" maxChoices="1">
        <simpleChoice identifier="A">Sample size requirements</simpleChoice>
        <simpleChoice identifier="B">Exploratory discovers structure, confirmatory tests predetermined structure</simpleChoice>
        <simpleChoice identifier="C">Statistical software used</simpleChoice>
        <simpleChoice identifier="D">Number of factors extracted</simpleChoice>
      </choiceInteraction>
    </itemBody>
    <responseProcessing template="http://www.imsglobal.org/question/qti_v2p1/rptemplates/match_correct"/>
  </assessmentItem>
  <assessmentItem xmlns="http://www.imsglobal.org/xsd/imsqti_v2p1" identifier="q_24" title="Question q_24" adaptive="false" timeDependent="false">
    <responseDeclaration identifier="RESPONSE" cardinality="single" baseType="identifier">
      <correctResponse>
        <value>C</value>
      </correctResponse>
    </responseDeclaration>
    <outcomeDeclaration identifier="SCORE" cardinality="single" baseType="float">
      <defaultValue>
        <value>0</value>
      </defaultValue>
    </outcomeDeclaration>
    <itemBody>
      <div class="question-text">
        <p>When conducting Factor Analysis with ordinal data, which correlation matrix should be used?</p>
      </div>
      <choiceInteraction responseIdentifier="RESPONSE" shuffle="false" maxChoices="1">
        <simpleChoice identifier="A">Pearson correlation matrix</simpleChoice>
        <simpleChoice identifier="B">Spearman correlation matrix</simpleChoice>
        <simpleChoice identifier="C">Polychoric correlation matrix</simpleChoice>
        <simpleChoice identifier="D">Tetrachoric correlation matrix</simpleChoice>
      </choiceInteraction>
    </itemBody>
    <responseProcessing template="http://www.imsglobal.org/question/qti_v2p1/rptemplates/match_correct"/>
  </assessmentItem>
  <assessmentItem xmlns="http://www.imsglobal.org/xsd/imsqti_v2p1" identifier="q_25" title="Question q_25" adaptive="false" timeDependent="false">
    <responseDeclaration identifier="RESPONSE" cardinality="single" baseType="identifier">
      <correctResponse>
        <value>C</value>
      </correctResponse>
    </responseDeclaration>
    <outcomeDeclaration identifier="SCORE" cardinality="single" baseType="float">
      <defaultValue>
        <value>0</value>
      </defaultValue>
    </outcomeDeclaration>
    <itemBody>
      <div class="question-text">
        <p>What does it mean when a factor analysis solution explains 65% of the total variance?</p>
      </div>
      <choiceInteraction responseIdentifier="RESPONSE" shuffle="false" maxChoices="1">
        <simpleChoice identifier="A">35% of the data is measurement error</simpleChoice>
        <simpleChoice identifier="B">The solution is poor and should be rejected</simpleChoice>
        <simpleChoice identifier="C">65% of the variability in the original variables is captured by the common factors</simpleChoice>
        <simpleChoice identifier="D">Each factor explains exactly 65% of variance</simpleChoice>
      </choiceInteraction>
    </itemBody>
    <responseProcessing template="http://www.imsglobal.org/question/qti_v2p1/rptemplates/match_correct"/>
  </assessmentItem>
</assessmentTest>